{"cameraMode":{"drawMode":0,"name":"Shaded","section":"Shading Mode"},"sceneLighting":true,"audioPlay":false,"sceneViewState":{"showFog":true,"showMaterialUpdate":true,"showSkybox":true,"showFlares":true,"showImageEffects":true,"showParticleSystems":true},"in2DMode":false,"pivot":{"x":-1.932409644126892,"y":0.8024537563323975,"z":6.26821231842041},"rotation":{"x":-0.1627766191959381,"y":0.009753154590725899,"z":-0.0016802158206701279,"w":-0.986698567867279},"size":12.43603801727295,"orthographic":true}