{"cameraMode":{"drawMode":0,"name":"Shaded","section":"Shading Mode"},"sceneLighting":false,"audioPlay":false,"sceneViewState":{"showFog":true,"showMaterialUpdate":true,"showSkybox":true,"showFlares":true,"showImageEffects":true,"showParticleSystems":true},"in2DMode":false,"pivot":{"x":-1.646274447441101,"y":5.039002418518066,"z":-0.9526294469833374},"rotation":{"x":-0.29920417070388796,"y":-0.046321604400873187,"z":0.014716326259076596,"w":-0.9530429244041443},"size":46.93544006347656,"orthographic":true}